OID_,Id,Join_Cou_1,Join_Cou_2,Join_Cou_3,Join_Cou_4,Join_Cou_5,Join_Cou_6,Join_Cou_7,Join_Cou_8,Join_Cou_9,Join_Co_10,Join_Co_11,Join_Co_12,Join_Co_13,Join_Co_14,Join_Co_15,distance
0,0,0,0,0,0,0,0,0,0,0,0,0,0,0,0,0,92220
1,0,0,5,76,0,0,0,0,23,3,177,0,0,7,0,6,86412
2,0,0,7,74,0,0,0,0,42,19,167,1,0,1,0,22,80823
3,0,56,173,1073,7,1,3,10,115,26,1931,1,0,41,0,33,75500
4,0,0,1,1,0,0,0,0,0,2,11,0,0,1,0,0,70506
5,0,0,0,0,0,0,0,0,0,0,0,0,0,0,0,0,65914
6,0,0,0,0,0,0,0,0,0,0,0,0,0,0,0,0,61814
7,0,0,0,0,0,0,0,0,0,0,0,0,0,0,0,0,58310
8,0,0,0,0,0,0,0,0,0,0,0,0,0,0,0,0,55514
9,0,0,0,0,0,0,0,0,0,0,0,0,0,0,0,0,53539
10,0,0,0,0,0,0,0,0,0,0,0,0,0,0,0,0,52476
11,0,0,0,0,0,0,0,0,0,0,0,0,0,0,0,0,52382
12,0,0,0,0,0,0,0,0,0,0,0,0,0,0,0,0,53261
13,0,0,0,0,0,0,0,0,0,0,0,0,0,0,0,0,55067
14,0,0,0,0,0,0,0,0,0,0,0,0,0,0,0,0,57713
15,0,0,7,70,1,0,0,1,6,5,220,0,0,0,0,4,61089
16,0,0,0,21,0,0,0,1,0,2,80,0,0,0,0,0,65083
17,0,0,0,3,0,0,0,0,0,1,9,0,0,0,0,0,69588
18,0,0,0,0,0,0,0,0,0,0,0,0,0,0,0,0,74511
19,0,0,0,0,0,0,0,0,0,0,0,0,0,0,0,0,79775
20,0,0,0,0,0,0,0,0,0,0,0,0,0,0,0,0,85317
21,0,0,0,0,0,0,0,0,0,0,0,0,0,0,0,0,91086
22,0,0,1,36,0,0,0,0,0,1,145,0,0,14,0,2,88352
23,0,0,6,44,0,0,0,2,60,6,145,0,0,5,0,2,82272
24,0,0,3,58,0,0,0,1,11,5,253,0,0,7,0,0,76380
25,0,0,6,21,0,2,0,0,5,4,83,0,0,21,0,0,70724
26,0,0,10,40,0,4,0,0,4,1,164,0,0,18,0,4,65366
27,0,0,27,271,0,9,0,1,26,14,589,0,0,8,0,5,60384
28,0,0,0,1,0,0,0,0,0,0,1,0,0,0,0,0,55880
29,0,0,0,0,0,0,0,0,0,0,0,0,0,0,0,0,51977
30,0,0,0,0,0,0,0,0,0,0,0,0,0,0,0,0,48820
31,0,0,0,0,0,0,0,0,0,1,0,0,0,0,0,0,46562
32,0,0,3,11,0,0,0,0,0,0,27,0,0,6,0,1,45336
33,0,4,3,86,0,0,0,1,3,2,138,0,0,26,0,4,45227
34,0,0,0,0,0,0,0,0,0,0,0,0,0,0,0,0,46242
35,0,0,6,36,0,0,0,0,1,2,47,0,0,4,0,0,48311
36,0,0,6,42,0,1,0,0,4,2,122,0,0,8,0,0,51306
37,0,4,2,145,0,1,0,0,15,1,273,0,1,13,0,1,55077
38,0,4,5,102,0,0,0,0,7,1,253,0,1,3,0,1,59476
39,0,4,2,57,0,0,0,0,0,4,202,0,0,0,0,6,64374
40,0,0,0,28,0,0,0,0,0,0,77,0,0,0,0,1,69667
41,0,0,0,0,0,0,0,0,0,0,0,0,0,0,0,0,75271
42,0,0,0,0,0,0,0,0,0,0,0,0,0,0,0,0,81121
43,0,0,0,0,0,0,0,0,0,0,0,0,0,0,0,0,87168
44,0,0,2,39,0,0,0,0,4,8,72,0,0,42,0,5,84914
45,0,16,10,128,0,1,0,0,42,8,440,0,0,57,0,5,78568
46,0,0,9,88,0,0,0,2,12,7,285,0,0,32,0,2,72376
47,0,0,12,112,0,0,0,0,30,10,267,1,0,30,0,5,66379
48,0,0,0,31,0,0,0,0,3,3,198,0,0,1,0,1,60638
49,0,0,11,69,0,1,0,0,4,4,278,0,0,2,0,1,55232
50,0,0,2,59,0,0,0,0,2,3,192,0,0,1,0,3,50268
51,0,0,0,0,0,0,0,0,0,0,0,0,0,0,0,0,45890
52,0,0,0,3,0,0,0,0,0,1,2,0,0,3,0,0,42282
53,0,18,14,324,0,0,1,0,226,12,364,0,0,27,0,37,39653
54,0,0,18,265,0,0,0,1,21,12,581,0,1,36,0,10,38206
55,0,0,6,50,0,2,0,0,2,10,59,0,0,63,0,7,38076
56,0,0,5,52,0,0,0,0,2,6,53,0,0,20,0,2,39277
57,0,0,0,26,0,0,0,2,6,7,17,0,0,8,0,4,41693
58,0,4,37,408,2,2,0,2,56,9,684,0,1,23,0,6,45129
59,0,0,21,259,0,2,1,0,189,3,361,0,0,15,0,0,49374
60,0,4,19,146,6,1,0,0,43,2,365,0,3,30,1,0,54238
61,0,0,5,95,0,1,0,1,9,3,186,0,0,17,0,4,59568
62,0,0,1,80,0,0,0,1,0,5,205,1,0,15,0,4,65252
63,0,0,0,12,0,0,0,0,1,2,77,0,0,3,0,2,71204
64,0,0,3,35,0,0,0,0,2,4,135,0,0,0,0,7,77362
65,0,0,2,31,0,0,0,0,0,3,110,0,0,0,0,7,83682
66,0,0,2,50,0,1,0,1,23,20,111,0,0,13,0,2,81961
67,0,12,14,181,0,0,0,0,238,5,199,0,0,38,0,15,75366
68,0,4,73,622,5,2,1,4,25,16,697,0,0,85,0,19,68886
69,0,16,90,575,7,10,1,1,114,8,1120,0,0,106,0,17,62557
70,0,0,7,163,0,0,0,3,12,13,430,0,0,27,0,3,56428
71,0,0,14,185,0,4,0,2,10,9,551,0,0,24,0,8,50573
72,0,20,42,454,0,9,2,3,46,8,953,0,0,43,0,13,45099
73,0,10,101,634,1,0,0,9,41,39,970,0,1,61,0,48,40163
74,0,8,69,413,1,26,0,5,34,9,542,1,0,73,0,25,35984
75,0,0,12,126,0,3,0,1,22,3,188,0,0,42,0,3,32855
76,0,0,26,287,0,1,0,1,14,7,558,0,2,42,0,8,31093
77,0,0,80,228,9,18,0,3,102,40,200,0,3,80,0,21,30934
78,0,0,19,233,0,1,0,3,23,10,446,1,2,51,0,13,32400
79,0,0,6,16,1,0,0,0,9,7,12,0,0,3,0,1,35290
80,0,0,1,73,0,0,0,0,5,1,178,0,0,0,0,1,39291
81,0,0,0,34,0,0,0,0,0,4,147,0,0,3,0,0,44101
82,0,0,0,33,0,0,0,0,10,1,84,0,0,16,0,0,49486
83,0,48,241,2430,13,5,4,12,172,28,3771,1,0,187,0,98,55276
84,0,0,3,16,0,3,0,1,1,4,63,0,0,13,0,1,61359
85,0,0,6,58,0,1,0,0,0,4,152,0,0,0,0,5,67654
86,0,0,0,9,0,0,0,0,0,3,40,0,0,0,0,1,74108
87,0,0,3,24,0,0,0,0,0,2,91,0,0,0,0,1,80683
88,0,0,2,31,0,0,0,0,8,2,92,0,0,14,0,1,79545
89,0,0,1,11,0,1,0,0,2,2,29,0,0,13,0,2,72732
90,0,4,115,657,2,0,0,5,16,20,703,0,0,44,0,22,65994
91,0,34,99,760,5,0,1,5,38,27,1251,1,0,25,0,19,59357
92,0,0,6,17,0,0,0,0,0,7,187,0,0,0,0,1,52858
93,0,0,24,84,1,1,0,3,4,6,307,0,0,18,0,4,46557
94,0,12,21,106,0,0,0,1,7,16,399,0,0,25,0,6,40544
95,0,86,200,1456,11,11,4,11,94,19,2267,0,3,87,0,29,34970
96,0,6,39,258,0,3,1,5,4,8,577,1,2,60,1,10,30078
97,0,0,28,71,1,15,0,2,2,5,52,1,0,59,0,3,26254
98,0,0,144,472,11,14,1,10,139,20,601,0,8,107,0,15,24013
99,0,0,199,562,16,5,0,10,122,24,679,0,14,87,0,51,23806
100,0,8,24,354,0,0,0,2,17,9,671,0,0,71,0,9,25683
101,0,0,6,22,0,0,0,1,5,13,23,0,0,11,0,1,29244
102,0,0,13,143,0,0,1,0,10,2,403,0,0,8,0,1,33965
103,0,4,28,424,0,1,0,0,38,2,783,0,0,16,0,4,39431
104,0,0,17,67,0,8,0,0,9,2,320,0,0,10,0,4,45373
105,0,12,58,654,1,0,0,1,20,4,1274,1,0,47,0,22,51627
106,0,0,3,45,0,0,0,0,0,1,172,0,0,10,0,2,58093
107,0,0,4,100,0,0,0,1,0,6,329,0,0,0,0,7,64707
108,0,0,0,15,0,0,0,0,0,3,53,0,0,0,0,2,71428
109,0,0,3,42,0,0,0,0,0,3,178,0,0,0,0,2,78228
110,0,0,0,1,0,0,0,0,1,3,0,0,0,0,0,0,77718
111,0,0,0,21,0,0,0,1,4,8,62,0,0,0,0,3,70729
112,0,0,9,211,0,1,0,1,62,10,466,0,0,10,0,8,63779
113,0,10,19,215,0,1,0,1,13,4,652,0,0,3,0,3,56884
114,0,0,25,130,0,2,0,0,101,6,333,0,0,18,0,8,50066
115,0,24,40,430,0,8,2,6,183,166,849,0,0,32,0,19,43361
116,0,10,72,481,2,4,0,5,31,9,1333,0,0,57,0,8,36830
117,0,0,28,216,0,2,0,1,36,15,703,0,0,39,0,18,30586
118,0,38,63,548,0,2,0,5,53,15,968,0,3,77,0,15,24846
119,0,12,83,744,6,23,0,6,63,14,1005,0,1,106,0,23,20048
120,0,26,480,4385,28,25,9,21,465,71,5489,0,7,212,0,121,17008
121,0,148,632,4306,97,79,8,28,759,57,3827,0,16,236,0,85,16714
122,0,0,43,439,4,17,1,2,24,7,694,0,0,70,0,19,19293
123,0,8,83,576,4,11,0,5,49,10,644,0,0,109,0,17,23830
124,0,0,7,72,0,0,0,1,4,21,64,0,0,56,0,20,29432
125,0,0,12,46,0,1,0,1,4,1,36,0,0,16,0,8,35600
126,0,6,24,266,0,5,0,4,18,4,564,0,0,4,0,5,42087
127,0,0,3,58,0,0,0,0,1,4,191,0,0,0,0,3,48764
128,0,0,1,47,0,0,0,0,0,3,200,0,0,0,0,5,55564
129,0,0,0,9,0,0,0,0,0,4,60,0,0,0,0,1,62447
130,0,0,2,30,0,0,0,1,0,2,119,0,0,0,0,0,69387
131,0,0,3,66,0,0,0,1,0,5,302,0,0,0,0,4,76369
132,0,6,20,146,1,0,0,2,373,18,145,0,0,1,0,10,76521
133,0,0,1,8,0,0,0,2,2,12,17,0,0,0,0,0,69411
134,0,12,6,19,0,0,0,0,1,8,76,0,0,14,0,0,62315
135,0,124,264,1894,6,1,4,9,122,26,2932,1,0,98,0,36,55238
136,0,10,63,412,5,9,0,1,84,6,748,0,0,34,0,10,48187
137,0,0,22,187,1,3,0,3,82,12,422,0,0,22,0,11,41177
138,0,20,43,573,3,12,1,2,101,8,922,0,0,36,0,3,34232
139,0,8,23,418,0,1,0,4,26,9,1052,0,0,54,0,10,27402
140,0,8,108,927,4,7,1,11,60,22,1369,0,0,146,0,72,20802
141,0,148,797,5475,72,27,12,32,893,64,7104,2,14,290,4,353,14741
142,0,308,745,7134,151,18,17,44,1585,106,8285,0,21,305,0,336,10230
143,0,686,939,5949,399,67,11,48,1137,97,6811,1,22,374,0,325,9734
144,0,140,307,4060,25,49,8,25,1047,58,4445,0,10,208,0,90,13697
145,0,160,525,3644,33,32,7,35,352,146,4591,0,5,227,0,119,19577
146,0,44,75,833,2,0,2,7,164,40,1084,0,0,84,0,63,26108
147,0,0,1,1,0,0,0,1,0,3,9,0,0,14,0,2,32906
148,0,0,6,79,0,0,0,0,28,7,105,1,0,5,0,9,39833
149,0,0,0,21,0,0,0,0,0,2,107,0,0,0,0,2,46833
150,0,0,3,86,1,0,0,0,9,2,355,0,0,0,0,3,53877
151,0,0,2,11,0,0,0,0,0,6,51,0,0,0,0,1,60951
152,0,0,6,33,0,0,0,0,1,5,146,0,0,0,0,5,68043
153,0,0,0,6,0,0,0,1,0,2,16,0,0,0,0,0,75151
154,0,0,4,5,0,0,0,0,24,3,3,0,0,0,0,0,75984
155,0,4,5,29,0,0,0,1,58,5,9,0,0,0,0,3,68819
156,0,0,14,126,0,0,0,1,21,20,358,0,0,8,0,4,61655
157,0,0,3,2,0,0,0,0,4,7,9,0,0,3,0,4,54492
158,0,4,18,188,0,1,0,3,52,18,295,0,0,11,0,11,47330
159,0,78,396,2319,8,2,4,24,196,60,3600,1,0,157,1,61,40171
160,0,8,127,1319,4,14,2,13,119,21,2648,1,0,101,0,37,33015
161,0,16,161,762,5,67,1,6,130,9,1079,1,0,75,0,21,25866
162,0,0,116,727,13,21,0,2,39,11,1335,0,1,98,0,20,18731
163,0,12,432,2927,77,46,5,17,254,32,6142,0,8,196,0,106,11638
164,0,336,2682,12319,418,62,22,78,2843,314,14485,0,35,621,0,515,4774
165,0,1908,3982,17944,803,76,50,107,6156,306,15011,0,35,640,0,922,3591
166,0,150,413,3813,26,8,5,30,1537,50,4233,1,15,249,0,170,10284
167,0,18,59,942,2,1,2,7,58,10,1906,0,1,69,0,34,17360
168,0,4,62,585,2,3,4,14,85,94,891,0,0,77,0,42,24490
169,0,0,2,1,0,0,0,0,0,3,7,0,0,14,0,3,31637
170,0,0,1,0,0,0,0,0,2,0,5,0,0,13,0,2,38792
171,0,0,10,40,0,3,0,1,3,7,115,0,0,5,0,4,45951
172,0,0,5,31,0,0,0,0,3,3,159,0,0,0,0,1,53112
173,0,0,3,89,0,0,0,0,40,4,220,0,0,0,0,8,60275
174,0,0,12,147,0,4,0,1,8,5,491,0,0,0,0,3,67439
175,0,0,0,0,0,0,0,0,0,1,5,0,0,0,0,0,74604
176,0,0,0,13,0,0,0,1,42,4,7,0,0,0,0,1,76121
177,0,0,0,4,0,0,0,0,5,5,0,0,0,0,0,0,68971
178,0,0,5,6,0,0,0,0,14,10,5,0,0,0,0,5,61824
179,0,0,5,32,0,0,0,1,6,9,56,0,0,4,0,5,54683
180,0,0,11,69,0,0,0,1,29,6,114,0,0,7,0,2,47550
181,0,4,8,158,0,0,0,2,18,5,405,0,0,8,0,6,40430
182,0,0,11,119,0,1,0,3,5,13,423,0,0,4,0,9,33330
183,0,54,362,3306,19,23,10,25,813,79,3140,0,4,110,0,86,26267
184,0,314,681,4886,31,9,7,24,712,57,5260,0,6,209,0,99,19281
185,0,36,474,2936,43,196,5,26,516,43,2757,1,6,242,0,113,12504
186,0,268,2040,9123,280,43,17,61,1489,108,11294,0,30,494,0,319,6610
187,0,360,1510,8318,206,34,25,64,2553,253,12029,1,28,389,0,302,5813
188,0,66,303,2007,54,42,3,20,392,41,2443,0,13,202,0,91,11254
189,0,14,43,427,0,14,2,1,21,7,914,0,0,63,0,15,17952
190,0,0,15,107,1,2,0,1,13,9,214,0,0,49,0,23,24913
191,0,0,2,36,0,0,0,1,6,18,26,0,0,30,0,13,31966
192,0,0,1,8,0,0,0,0,0,8,20,0,0,42,0,3,39061
193,0,0,74,576,2,14,1,7,61,16,1227,0,0,57,1,20,46178
194,0,0,34,148,1,7,0,4,6,7,343,1,0,13,0,10,53309
195,0,0,14,31,0,0,0,0,0,4,177,0,0,1,0,1,60448
196,0,0,4,21,0,0,0,0,1,3,101,0,0,0,0,5,67594
197,0,0,0,0,0,0,0,0,0,0,0,0,0,0,0,0,74744
198,0,0,0,0,0,0,0,0,0,0,0,0,0,0,0,0,76929
199,0,0,2,2,0,0,0,0,2,1,0,0,0,0,0,0,69862
200,0,0,6,24,1,0,0,0,9,12,23,0,0,0,0,1,62816
201,0,0,17,204,1,0,0,2,27,20,621,0,0,3,0,4,55802
202,0,0,15,211,0,0,0,3,31,20,444,0,0,14,0,4,48833
203,0,2,20,274,0,0,0,3,55,16,771,0,0,29,0,8,41931
204,0,0,16,92,0,0,0,3,6,12,282,0,0,24,0,12,35136
205,0,0,40,458,0,1,1,2,29,19,814,0,1,46,0,21,28524
206,0,40,237,1397,40,52,4,14,86,27,1633,0,2,150,0,62,22258
207,0,284,552,5666,22,137,12,20,1504,37,5761,3,6,235,0,100,16734
208,0,42,237,3508,8,19,9,17,303,32,7189,2,3,169,0,69,12937
209,0,20,301,3127,29,18,5,43,341,63,6143,0,19,218,0,87,12548
210,0,26,197,1914,10,10,3,23,292,57,2895,1,2,129,0,79,15822
211,0,6,35,326,2,2,0,4,19,9,649,0,0,53,0,13,21118
212,0,0,11,190,0,1,0,2,5,4,392,0,0,38,0,9,27283
213,0,0,16,270,1,3,0,1,11,7,540,0,0,59,0,6,33845
214,0,0,5,19,0,0,0,1,1,10,35,0,0,10,0,2,40613
215,0,0,1,14,0,0,0,0,2,8,21,0,0,6,0,3,47498
216,0,0,14,38,1,1,0,0,4,7,216,0,0,10,0,4,54456
217,0,0,8,44,0,0,0,1,4,8,80,0,0,3,0,5,61463
218,0,0,0,0,0,0,0,0,0,0,0,0,0,0,0,0,68503
219,0,0,0,0,0,0,0,0,0,0,0,0,0,0,0,0,75567
220,0,0,1,0,0,0,0,0,2,0,0,0,0,0,0,0,78387
221,0,0,0,0,0,0,0,0,13,0,0,0,0,0,0,0,71464
222,0,0,8,10,1,0,0,1,8,6,10,0,0,1,0,1,64593
223,0,0,27,40,0,0,0,1,47,17,21,0,0,6,0,0,57796
224,0,14,87,506,1,3,1,7,741,56,694,0,0,32,0,23,51099
225,0,0,18,203,0,0,0,1,35,9,574,0,0,62,0,2,44550
226,0,0,34,150,0,2,0,4,11,16,454,0,0,44,0,9,38223
227,0,16,35,274,1,3,1,8,22,35,428,0,0,71,0,11,32249
228,0,42,382,2000,23,4,5,4,239,28,3184,2,2,103,0,66,26867
229,0,32,129,1174,7,26,3,12,232,32,1992,1,0,87,0,54,22504
230,0,48,117,1273,2,10,2,11,144,19,3742,0,0,102,0,41,19844
231,0,6,101,1029,12,5,2,14,101,29,2593,0,8,119,0,37,19593
232,0,130,712,4303,36,16,15,18,646,86,6124,0,5,237,0,113,21835
233,0,0,89,505,5,53,0,1,40,10,2385,0,0,80,0,31,25930
234,0,0,71,470,8,19,0,4,28,21,2092,0,0,75,0,36,31157
235,0,52,242,1561,12,24,4,12,121,25,2234,0,0,106,0,64,37039
236,0,104,213,1138,6,2,5,11,277,26,1513,1,0,49,0,37,43311
237,0,0,4,112,0,1,0,1,7,5,307,0,0,2,0,2,49825
238,0,4,8,46,1,1,0,0,7,5,329,0,0,14,0,1,56497
239,0,0,0,0,0,0,0,0,0,0,4,0,0,0,0,0,63278
240,0,0,0,0,0,0,0,0,0,0,0,0,0,0,0,0,70136
241,0,0,0,0,0,0,0,0,0,0,0,0,0,0,0,0,77050
242,0,0,0,0,0,0,0,0,0,0,0,0,0,0,0,0,80460
243,0,0,0,0,0,0,0,0,0,0,0,0,0,0,0,0,73731
244,0,0,0,0,0,0,0,0,0,0,0,0,0,0,0,0,67093
245,0,0,16,82,0,0,0,0,350,6,15,0,0,0,0,7,60577
246,0,0,138,531,1,1,1,2,1143,96,394,0,0,25,0,35,54225
247,0,12,48,280,1,1,1,2,293,11,567,1,0,61,0,8,48102
248,0,14,22,217,0,2,0,3,20,14,511,0,0,54,0,3,42310
249,0,32,69,640,2,3,2,8,47,33,1141,1,0,85,0,21,37003
250,0,0,35,216,2,1,2,4,10,13,478,1,0,49,0,12,32420
251,0,0,82,560,1,2,1,8,42,24,1173,0,0,50,0,27,28907
252,0,0,118,1020,1,5,2,7,46,12,2020,0,0,125,0,24,26888
253,0,0,18,179,0,0,0,2,1,10,448,0,0,77,0,10,26703
254,0,0,41,330,1,4,0,4,3,13,903,0,0,56,0,17,28389
255,0,26,383,2333,19,19,8,14,141,18,3376,1,0,127,0,67,31647
256,0,16,44,180,1,5,1,6,8,16,278,0,0,41,0,22,36055
257,0,0,40,241,3,0,0,1,18,10,572,0,0,24,0,14,41244
258,0,0,0,16,0,0,0,1,4,7,35,0,0,12,0,0,46957
259,0,0,0,1,0,0,0,0,0,0,1,0,0,0,0,0,53025
260,0,0,0,0,0,0,0,0,0,0,0,0,0,0,0,0,59339
261,0,0,0,0,0,0,0,0,0,0,0,0,0,0,0,0,65828
262,0,0,0,0,0,0,0,0,0,0,0,0,0,0,0,0,72445
263,0,0,0,0,0,0,0,0,0,0,0,0,0,0,0,0,79158
264,0,0,0,0,0,0,0,0,0,0,0,0,0,0,0,0,83100
265,0,0,0,0,0,0,0,0,0,0,0,0,0,0,0,0,76604
266,0,0,0,0,0,0,0,0,0,0,0,0,0,0,0,0,70239
267,0,0,3,4,0,0,0,0,87,2,1,0,0,0,0,1,64043
268,0,0,38,91,0,0,0,3,147,21,89,0,0,17,0,4,58071
269,0,198,524,2717,31,1,7,18,743,43,4315,2,0,236,0,77,52400
270,0,0,38,267,1,1,1,1,30,11,589,1,0,52,0,5,47139
271,0,0,19,178,0,0,0,1,35,22,409,0,0,51,0,12,42440
272,0,0,24,228,0,7,0,2,8,9,415,0,0,40,0,6,38509
273,0,72,462,2897,16,52,5,19,200,42,4328,3,0,165,0,112,35603
274,0,0,16,282,0,4,0,1,22,9,588,0,0,40,0,11,33984
275,0,8,116,597,4,77,1,0,88,12,1372,0,0,46,0,20,33838
276,0,4,13,11,0,0,0,0,0,2,45,0,1,9,0,1,35184
277,0,0,0,0,0,0,0,0,0,0,0,0,0,0,0,0,37862
278,0,0,0,0,0,0,0,0,0,0,0,0,0,0,0,0,41616
279,0,0,0,1,0,0,0,0,0,0,5,0,0,0,0,0,46185
280,0,0,0,2,0,0,0,1,1,3,2,0,0,0,0,13,51351
281,0,0,0,0,0,0,0,0,0,0,0,0,0,0,0,0,56953
282,0,0,0,0,0,0,0,0,0,0,0,0,0,0,0,0,62873
283,0,0,0,0,0,0,0,0,0,0,0,0,0,0,0,0,69031
284,0,0,0,0,0,0,0,0,0,0,0,0,0,0,0,0,75367
285,0,0,0,0,0,0,0,0,0,0,0,0,0,0,0,0,81841
286,0,0,0,0,0,0,0,0,0,0,0,0,0,0,0,0,86258
287,0,0,0,0,0,0,0,0,0,0,0,0,0,0,0,0,80018
288,0,0,0,0,0,0,0,0,0,0,0,0,0,0,0,0,73947
289,0,0,0,1,0,0,0,0,4,0,0,0,0,0,0,0,68089
290,0,0,5,35,0,0,0,0,12,3,13,0,0,15,0,7,62506
291,0,62,431,2039,15,14,2,16,736,169,2281,1,0,146,0,90,57276
292,0,8,32,381,0,3,0,2,36,9,782,0,0,26,0,17,52505
293,0,0,18,98,0,0,1,2,13,10,248,0,0,21,0,8,48331
294,0,0,19,200,0,0,0,1,9,12,508,0,0,45,0,6,44919
295,0,18,58,393,2,3,1,5,20,10,566,0,0,60,0,11,42453
296,0,0,10,215,1,1,0,1,11,9,442,0,0,22,0,12,41105
297,0,0,11,65,0,1,0,0,3,2,253,0,0,21,0,7,40984
298,0,0,3,0,0,0,0,0,0,0,4,0,0,0,0,0,42102
299,0,0,0,0,0,0,0,0,0,0,0,0,0,0,0,0,44365
300,0,0,0,0,0,0,0,0,0,0,0,0,0,0,0,0,47609
301,0,0,0,0,0,0,0,0,0,0,0,0,0,0,0,0,51650
302,0,0,0,0,0,0,0,0,0,0,0,0,0,0,0,0,56317
303,0,0,0,0,0,0,0,0,0,0,0,0,0,0,0,0,61468
304,0,0,0,0,0,0,0,0,0,0,0,0,0,0,0,0,66991
305,0,0,0,0,0,0,0,0,0,0,0,0,0,0,0,0,72801
306,0,0,0,0,0,0,0,0,0,0,0,0,0,0,0,0,78835
307,0,0,0,0,0,0,0,0,0,0,0,0,0,0,0,0,85045
308,0,0,0,0,0,0,0,0,0,0,0,0,0,0,0,0,89877
309,0,0,0,0,0,0,0,0,0,0,0,0,0,0,0,0,83907
310,0,0,0,0,0,0,0,0,0,0,0,0,0,0,0,0,78138
311,0,0,0,0,0,0,0,0,0,0,0,0,0,0,0,0,72620
312,0,0,5,3,0,0,0,0,19,0,3,0,0,0,0,0,67412
313,0,0,8,33,0,0,0,0,73,13,24,0,0,0,0,6,62594
314,0,0,9,19,1,0,0,1,6,7,32,0,0,0,0,5,58260
315,0,0,7,66,0,0,0,3,22,13,74,0,0,3,0,9,54528
316,0,0,16,202,1,0,0,1,29,20,207,0,0,19,0,24,51528
317,0,0,33,54,1,0,0,0,2,4,86,0,0,34,0,5,49394
318,0,0,18,158,1,0,0,0,7,9,381,0,0,15,0,7,48240
319,0,0,0,0,0,0,0,0,0,0,1,0,0,0,0,0,48137
320,0,0,0,0,0,0,0,0,0,0,0,0,0,0,0,0,49092
321,0,0,0,0,0,0,0,0,0,0,0,0,0,0,0,0,51046
322,0,0,0,0,0,0,0,0,0,0,0,0,0,0,0,0,53889
323,0,0,0,0,0,0,0,0,0,0,0,0,0,0,0,0,57491
324,0,0,0,0,0,0,0,0,0,0,0,0,0,0,0,0,61718
325,0,0,0,0,0,0,0,0,0,0,0,0,0,0,0,0,66451
326,0,0,0,0,0,0,0,0,0,0,0,0,0,0,0,0,71591
327,0,0,0,0,0,0,0,0,0,0,0,0,0,0,0,0,77055
328,0,0,0,0,0,0,0,0,0,0,0,0,0,0,0,0,82779
329,0,0,0,0,0,0,0,0,0,0,0,0,0,0,0,0,88713
330,0,0,0,0,0,0,0,0,0,0,0,0,0,0,0,0,93905
331,0,0,0,0,0,0,0,0,0,0,0,0,0,0,0,0,88208
332,0,0,0,0,0,0,0,0,0,0,0,0,0,0,0,0,82740
333,0,0,0,0,0,0,0,0,0,0,0,0,0,0,0,0,77549
334,0,0,0,0,0,0,0,0,3,1,0,0,0,0,0,0,72696
335,0,0,2,3,0,0,0,0,19,3,0,0,0,0,0,0,68251
336,0,0,3,5,0,0,0,0,15,5,1,0,0,0,0,5,64300
337,0,0,11,49,0,0,0,1,30,11,18,0,0,6,0,5,60939
338,0,0,17,209,0,0,0,1,59,11,337,0,0,4,0,12,58270
339,0,0,11,60,0,0,0,0,14,18,57,0,0,12,0,9,56391
340,0,0,12,39,0,0,0,0,2,2,69,0,0,3,0,3,55383
341,0,0,0,0,0,0,0,0,0,0,0,0,0,0,0,0,55294
342,0,0,0,0,0,0,0,0,0,0,0,0,0,0,0,0,56127
343,0,0,0,0,0,0,0,0,0,0,0,0,0,0,0,0,57844
344,0,0,0,0,0,0,0,0,0,0,0,0,0,0,0,0,60368
345,0,0,0,0,0,0,0,0,0,0,0,0,0,0,0,0,63604
346,0,0,0,0,0,0,0,0,0,0,0,0,0,0,0,0,67449
347,0,0,0,0,0,0,0,0,0,0,0,0,0,0,0,0,71805
348,0,0,0,0,0,0,0,0,0,0,0,0,0,0,0,0,76586
349,0,0,0,0,0,0,0,0,0,0,0,0,0,0,0,0,81717
350,0,0,0,0,0,0,0,0,0,0,0,0,0,0,0,0,87135
351,0,0,0,0,0,0,0,0,0,0,0,0,0,0,0,0,92792
352,0,0,0,0,0,0,0,0,0,0,0,0,0,0,0,0,98291
353,0,0,0,0,0,0,0,0,0,0,0,0,0,0,0,0,92863
354,0,0,0,0,0,0,0,0,0,0,0,0,0,0,0,0,87686
355,0,0,0,0,0,0,0,0,0,0,0,0,0,0,0,0,82806
356,0,0,0,0,0,0,0,0,0,0,0,0,0,0,0,0,78279
357,0,0,0,0,0,0,0,0,0,0,0,0,0,0,0,0,74170
358,0,0,4,7,0,0,0,0,19,7,0,0,0,0,0,0,70551
359,0,0,58,133,0,0,0,0,174,7,120,0,0,7,0,15,67502
360,0,0,2,0,0,1,0,0,0,6,2,0,0,0,0,1,65103
361,0,0,4,56,0,0,0,2,116,13,30,0,0,1,0,8,63427
362,0,0,0,0,0,0,0,0,0,0,0,0,0,0,0,0,62532
363,0,0,0,0,0,0,0,0,0,0,0,0,0,0,0,0,62453
364,0,0,0,0,0,0,0,0,0,0,0,0,0,0,0,0,63192
365,0,0,0,0,0,0,0,0,0,0,0,0,0,0,0,0,64722
366,0,0,0,0,0,0,0,0,0,0,0,0,0,0,0,0,66987
367,0,0,0,0,0,0,0,0,0,0,0,0,0,0,0,0,69917
368,0,0,0,0,0,0,0,0,0,0,0,0,0,0,0,0,73432
369,0,0,0,0,0,0,0,0,0,0,0,0,0,0,0,0,77453
370,0,0,0,0,0,0,0,0,0,0,0,0,0,0,0,0,81905
371,0,0,0,0,0,0,0,0,0,0,0,0,0,0,0,0,86721
372,0,0,0,0,0,0,0,0,0,0,0,0,0,0,0,0,91845
373,0,0,0,0,0,0,0,0,0,0,0,0,0,0,0,0,97228
